customer_id,account_number,first_name,last_name,address,zip,phone_number,email,populated_on
2535,6627082,JRR,Tolkien,251 Elmwood,27253,6104542385,JeepFun@gmail.com,9/19/2018
4315,6225899,Luke,Skywalker,252 Pennsylvannia Ave,43612,6114552384,HondaReliable@gmail.com,9/19/2018
2685,6195812,Darth,Vader,253 Magnolia,42141,6124562383,BMWAnnoying@gmail.com,9/19/2018
3880,7285765,John,Mcclane,254 Anthony Road,30008,6134572382,MercedesJerks@gmail.com,9/19/2018
4713,7578098,Mary,Mcfly,255 Wilson Bvd,60172,6144582381,ToyotaWussybutcheap@gmail.com,9/19/2018
4638,5345783,Inspector,Clouseau,256 Lee Highway,45342,6154592380,LexisJustaToyota@gmail.com,9/19/2018
3075,7516613,Maximus ,Meridius ,257 Jefferson Davis Highway,60067,6164602379,AcuraJustgiveupalready@gmail.com,9/19/2018
3535,7749269,Bilbo,Baggins,258 K st,98503,6174612378,VolkswagenBoring@gmail.com,9/19/2018
4423,5659741,Jack,Sparrow,259 14th St,28104,6184622377,AudiGettingUgly@gmail.com,9/19/2018
3893,5722669,Bruce,Wayne,260 Virginia Ave,24502,6194632376,NessanMehMaybe@hotmail.com,9/19/2018
3913,7956376,The,Doctor,261 Constitution Ave,11413,6204642375,SaabBankrupt@hotmail.com,9/19/2018
2234,7431731,Jason,Bourne,262 Independence Ave,19082,6214652374,SaleenWhatEverHappenedToThem@hotmail.com,9/19/2018
4916,6192418,T,1000,263 Madison Dr,46614,6224662373,DeloreanTimeTravels@hotmail.com,9/19/2018
3316,5813753,James,Bond,264 Indiana Jones Dr,59601,6234672372,DodgeFastestCar@hotmail.com,9/19/2018
3100,7051720,Abraham,Lincoln,265 Massachusetts Ave,48239,6244682371,TeslaFire@apple.com,9/19/2018
4799,5297245,The Mask Of,Zorro,266 Maryland Ave,78023,6254692370,KiaSurprisinglyGood@apple.com,9/19/2018
3232,5040480,Clint,Eastwood,267 North Carolina Ave,14424,6264702369,CadillacCadillac@apple.com,9/19/2018
4206,6756660,Harold,Ramis,268 Potomic Ave,54601,6274712368,FordMustang@apple.com,9/19/2018
4201,6163954,Ethan,Hunt,269 SouthEast Blvd,11050,6284722367,FIATToster@apple.com,9/19/2018
4486,7765683,Cousin,Eddy,270 Minnesota Ave,33510,6294732366,ChevroletCorvette@apple.com,9/19/2018
